<?xml version="1.0" encoding="UTF-8"?><rss version="2.0"
	xmlns:content="http://purl.org/rss/1.0/modules/content/"
	xmlns:dc="http://purl.org/dc/elements/1.1/"
	xmlns:atom="http://www.w3.org/2005/Atom"
	xmlns:sy="http://purl.org/rss/1.0/modules/syndication/"
	
	>
<channel>
	<title>
	Comments on: How long should a 30 year roof last?	</title>
	<atom:link href="/how-long-should-a-30-year-roof-last/feed/" rel="self" type="application/rss+xml" />
	<link>/how-long-should-a-30-year-roof-last/</link>
	<description></description>
	<lastBuildDate>Tue, 18 Oct 2022 19:03:47 +0000</lastBuildDate>
	<sy:updatePeriod>
	hourly	</sy:updatePeriod>
	<sy:updateFrequency>
	1	</sy:updateFrequency>
	<generator>https://wordpress.org/?v=6.0.3</generator>
</channel>
</rss>
